Page,Action,Reason,From,To
skilled-predicts-date-for-subsequent-bitcoin-cycle-excessive-of-130000,Link to existing page,"Provides additional background on the relationship between Bitcoin and environmental concerns, supporting depth of content on the 'Crypto Mining' page.",the environmental impact of crypto mining,the environmental <a href='https://coinnewswirescom.online/category/crypto-mining/'>impact of crypto mining</a>
skilled-predicts-date-for-subsequent-bitcoin-cycle-excessive-of-130000,Link to existing page,Links to 'Cryptocurrency' main category which can give readers a broader perspective and context.,Ethereum vs. Bitcoin,Ethereum vs. <a href='https://coinnewswirescom.online/category/cryptocurrency/'>Bitcoin</a>
skilled-predicts-date-for-subsequent-bitcoin-cycle-excessive-of-130000,Link to existing page,"Links to a primary 'Articles' section, encouraging exploration of various crypto-related content.",Latest Cryptocurrency News,<a href='https://coinnewswirescom.online/'>Latest Cryptocurrency News</a>
skilled-predicts-date-for-subsequent-bitcoin-cycle-excessive-of-130000,Link to existing page,"Connects to 'Bitcoin' category for additional in-depth insights, augmenting information on 'Bitcoin Mining'.",Bitcoin Mining,<a href='https://coinnewswirescom.online/category/bitcoin/'>Bitcoin Mining</a>
skilled-predicts-date-for-subsequent-bitcoin-cycle-excessive-of-130000,Link to existing page,Points to a dedicated 'Blockchain' category for readers interested in exploring the technology behind cryptocurrencies like Ethereum.,the rise of Ethereum,the rise of <a href='https://coinnewswirescom.online/category/blockchain/'>Ethereum</a>
skilled-predicts-date-for-subsequent-bitcoin-cycle-excessive-of-130000,Link to existing page,"Leads to a Category page with detailed explorations of various Altcoins, useful for interested readers.",Altcoin,<a href='https://coinnewswirescom.online/category/altcoin/'>Altcoin</a>
skilled-predicts-date-for-subsequent-bitcoin-cycle-excessive-of-130000,Link to existing page,Directs to 'Crypto News' to keep readers updated on the latest developments in the crypto space.,unlocking crypto secrets,unlocking crypto <a href='https://coinnewswirescom.online/category/crypto-news/'>secrets</a>
skilled-predicts-date-for-subsequent-bitcoin-cycle-excessive-of-130000,Link to existing page,Adds a direct link to the 'Main Pages' category for new visitors seeking essential information.,All rights reserved,All rights <a href='https://coinnewswirescom.online/coinnewswirescom-online/'>reserved</a>
skilled-predicts-date-for-subsequent-bitcoin-cycle-excessive-of-130000,Link to existing page,Guides users to the 'Examples Section' where they can see practical applications of AI in crypto.,unlocking the potential of blockchain,unlocking the potential of <a href='https://coinnewswirescom.online/category/examples/'>blockchain</a>
skilled-predicts-date-for-subsequent-bitcoin-cycle-excessive-of-130000,Link to existing page,Litecoin as a digital asset is related to cryptocurrency topics discussed on the page.,the hidden gems of altcoin,the hidden gems of <a href='https://coinnewswirescom.online/category/litecoin/'>altcoin</a>
skilled-predicts-date-for-subsequent-bitcoin-cycle-excessive-of-130000,Link to existing page,"The term 'Bitcoin ETF' is highly relevant to the topic discussed on the page, and there is a specific page dedicated to Bitcoin ETF on the website.",the rise of decentralized finance,the rise of <a href='https://coinnewswirescom.online/bitcoin/'>decentralized finance</a>
skilled-predicts-date-for-subsequent-bitcoin-cycle-excessive-of-130000,Link to existing page,"The page contains content about Ethereum which is a significant blockchain platform, link to Ethereum category.",the rise of altcoin,the rise of <a href='https://coinnewswirescom.online/category/ethereum/'>altcoin</a>
skilled-predicts-date-for-subsequent-bitcoin-cycle-excessive-of-130000,Link to existing page,"Crypto mining is mentioned on the page, suggesting readers might want to learn more about related aspects via the Crypto Mining section.",the hidden gems of altcoin,the hidden gems of <a href='https://coinnewswirescom.online/category/crypto-mining/'>altcoin</a>
skilled-predicts-date-for-subsequent-bitcoin-cycle-excessive-of-130000,Link to existing page,"Blockchain technology is a central topic of this page, suggesting a link to provide more context to readers.",blockchain and sustainability,<a href='https://coinnewswirescom.online/category/blockchain/'>Blockchain</a> and sustainability
skilled-predicts-date-for-subsequent-bitcoin-cycle-excessive-of-130000,Link to existing page,The term 'crypto news' is used in the content indicating a direct relation to the Crypto News section of the site.,unlocking the potential of blockchain transforming healthcare and prescription drugs.,unlocking the potential of blockchain transforming healthcare and <a href='https://coinnewswirescom.online/category/crypto-news/'>prescription drugs</a>.
altcoin-vs-bitcoin-which-digital-foreign-money-will-come-out-on-high,Link to existing page,Litecoin as a digital asset is related to cryptocurrency topics discussed on the page.,the hidden gems of altcoin,the hidden gems of <a href='https://coinnewswirescom.online/category/litecoin/'>altcoin</a>
altcoin-vs-bitcoin-which-digital-foreign-money-will-come-out-on-high,Link to existing page,"The term 'Bitcoin ETF' is highly relevant to the topic discussed on the page, and there is a specific page dedicated to Bitcoin ETF on the website.",the rise of decentralized finance,the rise of <a href='https://coinnewswirescom.online/bitcoin/'>decentralized finance</a>
altcoin-vs-bitcoin-which-digital-foreign-money-will-come-out-on-high,Link to existing page,"The page contains content about Ethereum which is a significant blockchain platform, link to Ethereum category.",the rise of altcoin,the rise of <a href='https://coinnewswirescom.online/category/ethereum/'>altcoin</a>
altcoin-vs-bitcoin-which-digital-foreign-money-will-come-out-on-high,Link to existing page,"Crypto mining is mentioned on the page, suggesting readers might want to learn more about related aspects via the Crypto Mining section.",the hidden gems of altcoin,the hidden gems of <a href='https://coinnewswirescom.online/category/crypto-mining/'>altcoin</a>
altcoin-vs-bitcoin-which-digital-foreign-money-will-come-out-on-high,Link to existing page,"Blockchain technology is a central topic of this page, suggesting a link to provide more context to readers.",blockchain and sustainability,<a href='https://coinnewswirescom.online/category/blockchain/'>Blockchain</a> and sustainability
altcoin-vs-bitcoin-which-digital-foreign-money-will-come-out-on-high,Link to existing page,The term 'crypto news' is used in the content indicating a direct relation to the Crypto News section of the site.,unlocking the potential of blockchain transforming healthcare and prescription drugs.,unlocking the potential of blockchain transforming healthcare and <a href='https://coinnewswirescom.online/category/crypto-news/'>prescription drugs</a>.
altcoin-vs-bitcoin-which-digital-foreign-money-will-come-out-on-high,Link to existing page,"Bitcoin is a fundamental part of 'digital currency' discussions, therefore a link to their Bitcoin section should be included.",the rise of digital currency,the rise of <a href='https://coinnewswirescom.online/category/bitcoin/'>digital currency</a>
altcoin-vs-bitcoin-which-digital-foreign-money-will-come-out-on-high,Link to existing page,"The term 'Ethereum 2.0' refers to the upgrade of the Ethereum network, which is well-aligned with the content found on the Ethereum category page.",exploring the power of Ethereum the rise of decentralized finance (Defi),exploring the power of <a href='https://coinnewswirescom.online/category/ethereum/'>Ethereum</a> the rise of decentralized finance (Defi)
bitcashdeposit-com-evaluate-120-after-1-day-3-weblog-bonus,Link to existing page,Litecoin as a digital asset is related to cryptocurrency topics discussed on the page.,the hidden gems of altcoin,the hidden gems of <a href='https://coinnewswirescom.online/category/litecoin/'>altcoin</a>
bitcashdeposit-com-evaluate-120-after-1-day-3-weblog-bonus,Link to existing page,"The term 'Bitcoin ETF' is highly relevant to the topic discussed on the page, and there is a specific page dedicated to Bitcoin ETF on the website.",the rise of decentralized finance,the rise of <a href='https://coinnewswirescom.online/bitcoin/'>decentralized finance</a>
bitcashdeposit-com-evaluate-120-after-1-day-3-weblog-bonus,Link to existing page,"The page contains content about Ethereum which is a significant blockchain platform, link to Ethereum category.",the rise of altcoin,the rise of <a href='https://coinnewswirescom.online/category/ethereum/'>altcoin</a>
bitcashdeposit-com-evaluate-120-after-1-day-3-weblog-bonus,Link to existing page,"Crypto mining is mentioned on the page, suggesting readers might want to learn more about related aspects via the Crypto Mining section.",the hidden gems of altcoin,the hidden gems of <a href='https://coinnewswirescom.online/category/crypto-mining/'>altcoin</a>
bitcashdeposit-com-evaluate-120-after-1-day-3-weblog-bonus,Link to existing page,"Blockchain technology is a central topic of this page, suggesting a link to provide more context to readers.",blockchain and sustainability,<a href='https://coinnewswirescom.online/category/blockchain/'>Blockchain</a> and sustainability
bitcashdeposit-com-evaluate-120-after-1-day-3-weblog-bonus,Link to existing page,The term 'crypto news' is used in the content indicating a direct relation to the Crypto News section of the site.,unlocking the potential of blockchain transforming healthcare and prescription drugs.,unlocking the potential of blockchain transforming healthcare and <a href='https://coinnewswirescom.online/category/crypto-news/'>prescription drugs</a>.
bitcashdeposit-com-evaluate-120-after-1-day-3-weblog-bonus,Link to existing page,"Bitcoin is a fundamental part of 'digital currency' discussions, therefore a link to their Bitcoin section should be included.",the rise of digital currency,the rise of <a href='https://coinnewswirescom.online/category/bitcoin/'>digital currency</a>
bitcashdeposit-com-evaluate-120-after-1-day-3-weblog-bonus,Link to existing page,"The term 'Ethereum 2.0' refers to the upgrade of the Ethereum network, which is well-aligned with the content found on the Ethereum category page.",exploring the power of Ethereum the rise of decentralized finance (Defi),exploring the power of <a href='https://coinnewswirescom.online/category/ethereum/'>Ethereum</a> the rise of decentralized finance (Defi)
figuring-out-topical-sizzling-spots-in-city-areas-by-milan-janosov-oct-2023,Link to existing page,Litecoin as a digital asset is related to cryptocurrency topics discussed on the page.,the hidden gems of altcoin,the hidden gems of <a href='https://coinnewswirescom.online/category/litecoin/'>altcoin</a>
figuring-out-topical-sizzling-spots-in-city-areas-by-milan-janosov-oct-2023,Link to existing page,"The term 'Bitcoin ETF' is highly relevant to the topic discussed on the page, and there is a specific page dedicated to Bitcoin ETF on the website.",the rise of decentralized finance,the rise of <a href='https://coinnewswirescom.online/bitcoin/'>decentralized finance</a>
figuring-out-topical-sizzling-spots-in-city-areas-by-milan-janosov-oct-2023,Link to existing page,"The page contains content about Ethereum which is a significant blockchain platform, link to Ethereum category.",the rise of altcoin,the rise of <a href='https://coinnewswirescom.online/category/ethereum/'>altcoin</a>
figuring-out-topical-sizzling-spots-in-city-areas-by-milan-janosov-oct-2023,Link to existing page,"Crypto mining is mentioned on the page, suggesting readers might want to learn more about related aspects via the Crypto Mining section.",the hidden gems of altcoin,the hidden gems of <a href='https://coinnewswirescom.online/category/crypto-mining/'>altcoin</a>
figuring-out-topical-sizzling-spots-in-city-areas-by-milan-janosov-oct-2023,Link to existing page,"Blockchain technology is a central topic of this page, suggesting a link to provide more context to readers.",blockchain and sustainability,<a href='https://coinnewswirescom.online/category/blockchain/'>Blockchain</a> and sustainability
figuring-out-topical-sizzling-spots-in-city-areas-by-milan-janosov-oct-2023,Link to existing page,The term 'crypto news' is used in the content indicating a direct relation to the Crypto News section of the site.,unlocking the potential of blockchain transforming healthcare and prescription drugs.,unlocking the potential of blockchain transforming healthcare and <a href='https://coinnewswirescom.online/category/crypto-news/'>prescription drugs</a>.
figuring-out-topical-sizzling-spots-in-city-areas-by-milan-janosov-oct-2023,Link to existing page,"Bitcoin is a fundamental part of 'digital currency' discussions, therefore a link to their Bitcoin section should be included.",the rise of digital currency,the rise of <a href='https://coinnewswirescom.online/category/bitcoin/'>digital currency</a>
figuring-out-topical-sizzling-spots-in-city-areas-by-milan-janosov-oct-2023,Link to existing page,"The term 'Ethereum 2.0' refers to the upgrade of the Ethereum network, which is well-aligned with the content found on the Ethereum category page.",exploring the power of Ethereum the rise of decentralized finance (Defi),exploring the power of <a href='https://coinnewswirescom.online/category/ethereum/'>Ethereum</a> the rise of decentralized finance (Defi)
a-complete-information-of-distributed-knowledge-parallel-ddp-by-francois-porcher-oct-2023,Link to existing page,The term 'Bitcoin Mining' is relevant to this article and linking it to the existing 'Bitcoin Mining' category can provide readers with additional information on the topic.,the energy of crypto mining,"the <a href=""https://coinnewswirescom.online/category/crypto-mining/"">energy of crypto mining</a>"
a-complete-information-of-distributed-knowledge-parallel-ddp-by-francois-porcher-oct-2023,Link to existing page,Mention of 'Ethereum' should be linked to its main page to offer readers direct access to more detailed information.,exploring the rise of Ethereum,"exploring the rise of <a href=""https://coinnewswirescom.online/category/ethereum/"">Ethereum</a>"
a-complete-information-of-distributed-knowledge-parallel-ddp-by-francois-porcher-oct-2023,Link to existing page,"The topic of blockchain is covered in this content, which should be linked to the 'Blockchain' category for readers interested in exploring related content.",how blockchain technology is set to shape,"how <a href=""https://coinnewswirescom.online/category/blockchain/"">blockchain technology</a> is set to shape"
a-complete-information-of-distributed-knowledge-parallel-ddp-by-francois-porcher-oct-2023,Link to existing page,"'Cryptocurrency' is mentioned several times, and linking to the corresponding category would allow readers to delve deeper into the subject.",cryptocurrencies,"<a href=""https://coinnewswirescom.online/category/cryptocurrency/"">cryptocurrencies</a>"
a-complete-information-of-distributed-knowledge-parallel-ddp-by-francois-porcher-oct-2023,Link to existing page,"Mention of 'Litecoin', which has its own category on the site, should link to that category for additional resources.",cryptocurrency vs traditional currencies unraveling,"cryptocurrency vs <a href=""https://coinnewswirescom.online/category/litecoin/"">Litecoin</a> currencies unraveling"
a-complete-information-of-distributed-knowledge-parallel-ddp-by-francois-porcher-oct-2023,Link to existing page,A reference to 'Articles' should link to the general article section for users to find more related articles.,this article's content,"<a href=""https://coinnewswirescom.online/category/articles/"">this article's content</a>"
a-complete-information-of-distributed-knowledge-parallel-ddp-by-francois-porcher-oct-2023,Link to existing page,The usage of 'legal terms' within the content should be linked to the 'Legal Terms Pages' to provide readers with an easy pathway to legal definitions and related content.,draft new bill,"<a href=""https://coinnewswirescom.online/legal-terms/legal-terms.html"">draft new bill</a>"
a-complete-information-of-distributed-knowledge-parallel-ddp-by-francois-porcher-oct-2023,Content idea,"The content mentions 'Bitcoin ETFs', but there's no direct link to a dedicated page on the subject which could provide valuable informational content to readers.",,
a-complete-information-of-distributed-knowledge-parallel-ddp-by-francois-porcher-oct-2023,Other,Suggest updating the 'Cryptocurrency News' section regularly to ensure the latest and most relevant news is available to readers.,,
self-service-knowledge-analytics-as-a-hierarchy-of-wants-by-andrew-taft-nov-2023,Link to existing page,"Links to a relevant 'Legal Terms' page about 'contracts', supporting the article's discussion on Ethereum's capability for smart contracts.",unveiling the potential of Ethereum revolutionizing smart contracts,unveiling the potential of Ethereum revolutionizing <a href='https://coinnewswirescom.online/legal-terms/legal-terms.html'>smart contracts</a>
self-service-knowledge-analytics-as-a-hierarchy-of-wants-by-andrew-taft-nov-2023,Link to existing page,Directs readers to the 'Main Pages' where they can find more extensive articles covering the latest in cryptocurrency.,unlocking crypto secrets,unlocking <a href='https://coinnewswirescom.online/'>crypto secrets</a>
self-service-knowledge-analytics-as-a-hierarchy-of-wants-by-andrew-taft-nov-2023,Link to existing page,Provides depth of content and potential actionable investments by linking to the 'Examples Section'.,Ethereum vs. Bitcoin,Ethereum vs. <a href='https://coinnewswirescom.online/category/examples/'>Bitcoin</a>
whats-behind-celestias-worth-surge-is-tia-crypto-value-shopping-for,Link to existing page,The term 'crypto news' is used in the content indicating a direct relation to the Crypto News section of the site.,unlocking the potential of blockchain transforming healthcare and prescription drugs.,unlocking the potential of blockchain transforming healthcare and <a href='https://coinnewswirescom.online/category/crypto-news/'>prescription drugs</a>.
whats-behind-celestias-worth-surge-is-tia-crypto-value-shopping-for,Link to existing page,Mention of 'Bitcoin' should be linked to its main page to offer readers direct access to more detailed information.,cryptocurrency vs traditional currencies unraveling,cryptocurrency vs <a href='https://coinnewswirescom.online/category/bitcoin/'>traditional currencies</a> unraveling
whats-behind-celestias-worth-surge-is-tia-crypto-value-shopping-for,Link to existing page,Links to 'Cryptocurrency' main category which can give readers a broader perspective and context.,Understanding Bitcoin,Understanding <a href='https://coinnewswirescom.online/category/cryptocurrency/'>Bitcoin</a>
whats-behind-celestias-worth-surge-is-tia-crypto-value-shopping-for,Link to existing page,"Blockchain technology is a central topic of this page, suggesting a link to provide more context to readers.",the power of blockchain,the power of <a href='https://coinnewswirescom.online/category/blockchain/'>blockchain</a>
whats-behind-celestias-worth-surge-is-tia-crypto-value-shopping-for,Link to existing page,"Links to a primary 'Articles' section, encouraging exploration of various crypto-related content.",Latest Cryptocurrency News,<a href='https://coinnewswirescom.online/'>Latest Cryptocurrency News</a>
whats-behind-celestias-worth-surge-is-tia-crypto-value-shopping-for,Link to existing page,"The term 'Ethereum 2.0' refers to the upgrade of the Ethereum network, which is well-aligned with the content found on the Ethereum category page.",the rise of decentralized finance,the rise of <a href='https://coinnewswirescom.online/category/ethereum/'>decentralized finance</a>
whats-behind-celestias-worth-surge-is-tia-crypto-value-shopping-for,Link to existing page,The term 'Legal Terms' is mentioned in relation to the content on the site and hence should link to the corresponding page for more in-depth legal information.,terms and conditions,<a href='https://coinnewswirescom.online/legal-terms/legal-terms.html'>terms and conditions</a>
construct-a-convolutional-neural-community-from-scratch-utilizing-numpy-by-riccardo-andreoni-nov-2023,Link to existing page,Links to the 'Crypto Mining' category which could provide additional information on the topic as 'Bitcoin Mining' is relevant to the article.,the environmental impact of crypto mining,the environmental <a href='https://coinnewswirescom.online/category/crypto-mining/'>impact of crypto mining</a>
construct-a-convolutional-neural-community-from-scratch-utilizing-numpy-by-riccardo-andreoni-nov-2023,Link to existing page,Provides a reference to the 'Blockchain' category which is related to the content discussed on the page.,how blockchain technology is set to shape,how <a href='https://coinnewswirescom.online/category/blockchain/'>blockchain technology</a> is set to shape
construct-a-convolutional-neural-community-from-scratch-utilizing-numpy-by-riccardo-andreoni-nov-2023,Link to existing page,"As 'cryptocurrencies' is a central theme of the page, linking to the 'Cryptocurrency' section gives readers extra resources to explore.",cryptocurrencies,<a href='https://coinnewswirescom.online/category/cryptocurrency/'>cryptocurrencies</a>
construct-a-convolutional-neural-community-from-scratch-utilizing-numpy-by-riccardo-andreoni-nov-2023,Link to existing page,"Attaches 'Litecoin', featured in the content, to the website's category page for that cryptocurrency for further exploration.",cryptocurrency vs traditional currencies unraveling,cryptocurrency vs <a href='https://coinnewswirescom.online/category/litecoin/'>Litecoin</a> currencies unraveling
construct-a-convolutional-neural-community-from-scratch-utilizing-numpy-by-riccardo-andreoni-nov-2023,Content idea,A page dedicated to 'Bitcoin ETFs' is suggested as the content mentions them but lacks a direct link.,,
construct-a-convolutional-neural-community-from-scratch-utilizing-numpy-by-riccardo-andreoni-nov-2023,Other,Proposes keeping the 'Cryptocurrency News' section frequently updated to provide the most current information.,,
ftx-co-founder-wang-discusses-plea-deal-data-of-monetary-ideas-at-sbf-trial,Link to existing page,The term 'Bitcoin Mining' is relevant to this article and linking it to the existing 'Bitcoin Mining' category can provide readers with additional information on the topic.,the energy of crypto mining,"the <a href=""https://coinnewswirescom.online/category/crypto-mining/"">energy of crypto mining</a>"
ftx-co-founder-wang-discusses-plea-deal-data-of-monetary-ideas-at-sbf-trial,Link to existing page,Mention of 'Ethereum' should be linked to its main page to offer readers direct access to more detailed information.,exploring the rise of Ethereum,"exploring the rise of <a href=""https://coinnewswirescom.online/category/ethereum/"">Ethereum</a>"
ftx-co-founder-wang-discusses-plea-deal-data-of-monetary-ideas-at-sbf-trial,Link to existing page,"The topic of blockchain is covered in this content, which should be linked to the 'Blockchain' category for readers interested in exploring related content.",how blockchain technology is set to shape,"how <a href=""https://coinnewswirescom.online/category/blockchain/"">blockchain technology</a> is set to shape"
ftx-co-founder-wang-discusses-plea-deal-data-of-monetary-ideas-at-sbf-trial,Link to existing page,"'Cryptocurrency' is mentioned several times, and linking to the corresponding category would allow readers to delve deeper into the subject.",cryptocurrencies,"<a href=""https://coinnewswirescom.online/category/cryptocurrency/"">cryptocurrencies</a>"
ftx-co-founder-wang-discusses-plea-deal-data-of-monetary-ideas-at-sbf-trial,Link to existing page,"Mention of 'Litecoin', which has its own category on the site, should link to that category for additional resources.",cryptocurrency vs traditional currencies unraveling,"cryptocurrency vs <a href=""https://coinnewswirescom.online/category/litecoin/"">Litecoin</a> currencies unraveling"
ftx-co-founder-wang-discusses-plea-deal-data-of-monetary-ideas-at-sbf-trial,Link to existing page,A reference to 'Articles' should link to the general article section for users to find more related articles.,this article's content,"<a href=""https://coinnewswirescom.online/category/articles/"">this article's content</a>"
ftx-co-founder-wang-discusses-plea-deal-data-of-monetary-ideas-at-sbf-trial,Link to existing page,The usage of 'legal terms' within the content should be linked to the 'Legal Terms Pages' to provide readers with an easy pathway to legal definitions and related content.,draft new bill,"<a href=""https://coinnewswirescom.online/legal-terms/legal-terms.html"">draft new bill</a>"
ftx-co-founder-wang-discusses-plea-deal-data-of-monetary-ideas-at-sbf-trial,Content idea,"The content mentions 'Bitcoin ETFs', but there's no direct link to a dedicated page on the subject which could provide valuable informational content to readers.",,
ftx-co-founder-wang-discusses-plea-deal-data-of-monetary-ideas-at-sbf-trial,Other,Suggest updating the 'Cryptocurrency News' section regularly to ensure the latest and most relevant news is available to readers.,,
blackrock-ishares-ethereum-belief-registered-in-delaware,Link to existing page,Litecoin as a digital asset is related to cryptocurrency topics discussed on the page.,the hidden gems of altcoin,the hidden gems of <a href='https://coinnewswirescom.online/category/litecoin/'>altcoin</a>
blackrock-ishares-ethereum-belief-registered-in-delaware,Link to existing page,"The term 'Bitcoin ETF' is highly relevant to the topic discussed on the page, and there is a specific page dedicated to Bitcoin ETF on the website.",the rise of decentralized finance,the rise of <a href='https://coinnewswirescom.online/bitcoin/'>decentralized finance</a>
blackrock-ishares-ethereum-belief-registered-in-delaware,Link to existing page,"The page contains content about Ethereum which is a significant blockchain platform, link to Ethereum category.",the rise of altcoin,the rise of <a href='https://coinnewswirescom.online/category/ethereum/'>altcoin</a>
blackrock-ishares-ethereum-belief-registered-in-delaware,Link to existing page,"Crypto mining is mentioned on the page, suggesting readers might want to learn more about related aspects via the Crypto Mining section.",the hidden gems of altcoin,the hidden gems of <a href='https://coinnewswirescom.online/category/crypto-mining/'>altcoin</a>
blackrock-ishares-ethereum-belief-registered-in-delaware,Link to existing page,"Blockchain technology is a central topic of this page, suggesting a link to provide more context to readers.",blockchain and sustainability,<a href='https://coinnewswirescom.online/category/blockchain/'>Blockchain</a> and sustainability
blackrock-ishares-ethereum-belief-registered-in-delaware,Link to existing page,The term 'crypto news' is used in the content indicating a direct relation to the Crypto News section of the site.,unlocking the potential of blockchain transforming healthcare and prescription drugs.,unlocking the potential of blockchain transforming healthcare and <a href='https://coinnewswirescom.online/category/crypto-news/'>prescription drugs</a>.
blackrock-ishares-ethereum-belief-registered-in-delaware,Link to existing page,"Bitcoin is a fundamental part of 'digital currency' discussions, therefore a link to their Bitcoin section should be included.",the rise of digital currency,the rise of <a href='https://coinnewswirescom.online/category/bitcoin/'>digital currency</a>
blackrock-ishares-ethereum-belief-registered-in-delaware,Link to existing page,"The term 'Ethereum 2.0' refers to the upgrade of the Ethereum network, which is well-aligned with the content found on the Ethereum category page.",exploring the power of Ethereum the rise of decentralized finance (Defi),exploring the power of <a href='https://coinnewswirescom.online/category/ethereum/'>Ethereum</a> the rise of decentralized finance (Defi)
